{
    "id": "your-realm-id",
    "realm": "your-realm",
    "enabled": true,
    "sslRequired": "external",
    "registrationAllowed": false,
    "roles": {
        "realm": [
            {
                "name": "user",
                "description": "User role"
            }
        ]
    },
    "clients": [
        {
            "clientId": "your-client-id",
            "enabled": true,
            "clientAuthenticatorType": "client-secret",
            "secret": "your-client-secret",
            "redirectUris": [
                "http://127.0.0.1:3000/*",
                "http://localhost:3000/*",
                "https://127.0.0.1:3000/*",
                "https://localhost:3000/*"
            ],
            "webOrigins": [],
            "protocol": "openid-connect",
            "authenticationFlowBindingOverrides": {},
            "fullScopeAllowed": true,
            "publicClient": false,
            "frontchannelLogout": false,
            "protocolMappers": [],
            "consentRequired": false,
            "standardFlowEnabled": true,
            "implicitFlowEnabled": false,
            "directAccessGrantsEnabled": true,
            "serviceAccountsEnabled": true,
            "attributes": {
                "post_logout_redirect_uris": "+",
                "backchannel_logout_session_required": "false",
                "backchannel_logout_revoke_offline_tokens": "false"
            }
        }
    ],
    "users": [
        {
            "username": "userexample",
            "enabled": true,
            "credentials": [
                {
                    "type": "password",
                    "value": "123456",
                    "temporary": false
                }
            ],
            "realmRoles": [
                "user"
            ],
            "firstName": "User",
            "lastName": "Example"
        }
    ]
}